--
-- PostgreSQL database dump
--

-- Dumped from database version 12.9 (Ubuntu 12.9-2.pgdg20.04+1)
-- Dumped by pg_dump version 12.9 (Ubuntu 12.9-2.pgdg20.04+1)

SET statement_timeout = 0;
SET lock_timeout = 0;
SET idle_in_transaction_session_timeout = 0;
SET client_encoding = 'UTF8';
SET standard_conforming_strings = on;
SELECT pg_catalog.set_config('search_path', '', false);
SET check_function_bodies = false;
SET xmloption = content;
SET client_min_messages = warning;
SET row_security = off;

DROP DATABASE universe;
--
-- Name: universe; Type: DATABASE; Schema: -; Owner: freecodecamp
--

CREATE DATABASE universe WITH TEMPLATE = template0 ENCODING = 'UTF8' LC_COLLATE = 'C.UTF-8' LC_CTYPE = 'C.UTF-8';


ALTER DATABASE universe OWNER TO freecodecamp;

\connect universe

SET statement_timeout = 0;
SET lock_timeout = 0;
SET idle_in_transaction_session_timeout = 0;
SET client_encoding = 'UTF8';
SET standard_conforming_strings = on;
SELECT pg_catalog.set_config('search_path', '', false);
SET check_function_bodies = false;
SET xmloption = content;
SET client_min_messages = warning;
SET row_security = off;

SET default_tablespace = '';

SET default_table_access_method = heap;

--
-- Name: galaxy; Type: TABLE; Schema: public; Owner: freecodecamp
--

CREATE TABLE public.galaxy (
    galaxy_id integer NOT NULL,
    name character varying(30) NOT NULL,
    description text,
    has_life boolean,
    star_count character varying(20)
);


ALTER TABLE public.galaxy OWNER TO freecodecamp;

--
-- Name: galaxy_galaxy_id_seq; Type: SEQUENCE; Schema: public; Owner: freecodecamp
--

CREATE SEQUENCE public.galaxy_galaxy_id_seq
    AS integer
    START WITH 1
    INCREMENT BY 1
    NO MINVALUE
    NO MAXVALUE
    CACHE 1;


ALTER TABLE public.galaxy_galaxy_id_seq OWNER TO freecodecamp;

--
-- Name: galaxy_galaxy_id_seq; Type: SEQUENCE OWNED BY; Schema: public; Owner: freecodecamp
--

ALTER SEQUENCE public.galaxy_galaxy_id_seq OWNED BY public.galaxy.galaxy_id;


--
-- Name: moon; Type: TABLE; Schema: public; Owner: freecodecamp
--

CREATE TABLE public.moon (
    moon_id integer NOT NULL,
    name character varying(30) NOT NULL,
    planet_id integer,
    description text,
    orbital_period_in_days integer
);


ALTER TABLE public.moon OWNER TO freecodecamp;

--
-- Name: moon_moon_id_seq; Type: SEQUENCE; Schema: public; Owner: freecodecamp
--

CREATE SEQUENCE public.moon_moon_id_seq
    AS integer
    START WITH 1
    INCREMENT BY 1
    NO MINVALUE
    NO MAXVALUE
    CACHE 1;


ALTER TABLE public.moon_moon_id_seq OWNER TO freecodecamp;

--
-- Name: moon_moon_id_seq; Type: SEQUENCE OWNED BY; Schema: public; Owner: freecodecamp
--

ALTER SEQUENCE public.moon_moon_id_seq OWNED BY public.moon.moon_id;


--
-- Name: planet; Type: TABLE; Schema: public; Owner: freecodecamp
--

CREATE TABLE public.planet (
    planet_id integer NOT NULL,
    name character varying(30) NOT NULL,
    radius_in_km integer NOT NULL,
    star_id integer NOT NULL,
    star_distance numeric,
    description text,
    has_life boolean
);


ALTER TABLE public.planet OWNER TO freecodecamp;

--
-- Name: planet_planet_id_seq; Type: SEQUENCE; Schema: public; Owner: freecodecamp
--

CREATE SEQUENCE public.planet_planet_id_seq
    AS integer
    START WITH 1
    INCREMENT BY 1
    NO MINVALUE
    NO MAXVALUE
    CACHE 1;


ALTER TABLE public.planet_planet_id_seq OWNER TO freecodecamp;

--
-- Name: planet_planet_id_seq; Type: SEQUENCE OWNED BY; Schema: public; Owner: freecodecamp
--

ALTER SEQUENCE public.planet_planet_id_seq OWNED BY public.planet.planet_id;


--
-- Name: planetary_system; Type: TABLE; Schema: public; Owner: freecodecamp
--

CREATE TABLE public.planetary_system (
    name character varying(20),
    planet_count integer,
    planetary_system_id integer NOT NULL,
    galaxy_id integer NOT NULL
);


ALTER TABLE public.planetary_system OWNER TO freecodecamp;

--
-- Name: planetary_system_planetary_system_id_seq; Type: SEQUENCE; Schema: public; Owner: freecodecamp
--

CREATE SEQUENCE public.planetary_system_planetary_system_id_seq
    AS integer
    START WITH 1
    INCREMENT BY 1
    NO MINVALUE
    NO MAXVALUE
    CACHE 1;


ALTER TABLE public.planetary_system_planetary_system_id_seq OWNER TO freecodecamp;

--
-- Name: planetary_system_planetary_system_id_seq; Type: SEQUENCE OWNED BY; Schema: public; Owner: freecodecamp
--

ALTER SEQUENCE public.planetary_system_planetary_system_id_seq OWNED BY public.planetary_system.planetary_system_id;


--
-- Name: star; Type: TABLE; Schema: public; Owner: freecodecamp
--

CREATE TABLE public.star (
    star_id integer NOT NULL,
    name character varying(30) NOT NULL,
    radius_in_km integer,
    description text,
    galaxy_id integer
);


ALTER TABLE public.star OWNER TO freecodecamp;

--
-- Name: star_star_id_seq; Type: SEQUENCE; Schema: public; Owner: freecodecamp
--

CREATE SEQUENCE public.star_star_id_seq
    AS integer
    START WITH 1
    INCREMENT BY 1
    NO MINVALUE
    NO MAXVALUE
    CACHE 1;


ALTER TABLE public.star_star_id_seq OWNER TO freecodecamp;

--
-- Name: star_star_id_seq; Type: SEQUENCE OWNED BY; Schema: public; Owner: freecodecamp
--

ALTER SEQUENCE public.star_star_id_seq OWNED BY public.star.star_id;


--
-- Name: galaxy galaxy_id; Type: DEFAULT; Schema: public; Owner: freecodecamp
--

ALTER TABLE ONLY public.galaxy ALTER COLUMN galaxy_id SET DEFAULT nextval('public.galaxy_galaxy_id_seq'::regclass);


--
-- Name: moon moon_id; Type: DEFAULT; Schema: public; Owner: freecodecamp
--

ALTER TABLE ONLY public.moon ALTER COLUMN moon_id SET DEFAULT nextval('public.moon_moon_id_seq'::regclass);


--
-- Name: planet planet_id; Type: DEFAULT; Schema: public; Owner: freecodecamp
--

ALTER TABLE ONLY public.planet ALTER COLUMN planet_id SET DEFAULT nextval('public.planet_planet_id_seq'::regclass);


--
-- Name: planetary_system planetary_system_id; Type: DEFAULT; Schema: public; Owner: freecodecamp
--

ALTER TABLE ONLY public.planetary_system ALTER COLUMN planetary_system_id SET DEFAULT nextval('public.planetary_system_planetary_system_id_seq'::regclass);


--
-- Name: star star_id; Type: DEFAULT; Schema: public; Owner: freecodecamp
--

ALTER TABLE ONLY public.star ALTER COLUMN star_id SET DEFAULT nextval('public.star_star_id_seq'::regclass);


--
-- Data for Name: galaxy; Type: TABLE DATA; Schema: public; Owner: freecodecamp
--

INSERT INTO public.galaxy VALUES (1, 'Andromeda', 'In mythology, Andromeda is the daughter of the kings of Ethiopia and is said to be more beautiful than the Nereids. She becomes queen of Greece when she marries Perseus.', false, NULL);
INSERT INTO public.galaxy VALUES (2, 'Antennae', 'This is a dual galaxy. It gets its name because it is said to look like a pair of insect antennae.', false, NULL);
INSERT INTO public.galaxy VALUES (3, 'Backward', 'It seems to rotate in the opposite direction to what it should according to its shape.', false, NULL);
INSERT INTO public.galaxy VALUES (4, 'Black Eye', 'It looks like an eye with a dark stripe underneath', false, NULL);
INSERT INTO public.galaxy VALUES (5, 'Bode’s', 'Named after the astronomer who discovered it, Johann Elert Bode', false, NULL);
INSERT INTO public.galaxy VALUES (6, 'Butterfly', 'Binary galaxies. It looks like a pair of butterfly wings.', false, NULL);
INSERT INTO public.galaxy VALUES (37, 'Milky Way', 'Our own galaxy. It is said to look like a band of light', true, NULL);


--
-- Data for Name: moon; Type: TABLE DATA; Schema: public; Owner: freecodecamp
--

INSERT INTO public.moon VALUES (1, 'The Moon', 3, NULL, NULL);
INSERT INTO public.moon VALUES (2, 'Phobos', 4, NULL, NULL);
INSERT INTO public.moon VALUES (3, 'Deimos', 4, NULL, NULL);
INSERT INTO public.moon VALUES (4, 'Io', 6, NULL, NULL);
INSERT INTO public.moon VALUES (5, 'Europa', 6, NULL, NULL);
INSERT INTO public.moon VALUES (6, 'Ganymede', 6, NULL, NULL);
INSERT INTO public.moon VALUES (7, 'Callisto', 6, NULL, NULL);
INSERT INTO public.moon VALUES (8, 'Himalia', 6, NULL, NULL);
INSERT INTO public.moon VALUES (9, 'Elara', 6, NULL, NULL);
INSERT INTO public.moon VALUES (10, 'Pasiphae', 6, NULL, NULL);
INSERT INTO public.moon VALUES (11, 'Sinope', 6, NULL, NULL);
INSERT INTO public.moon VALUES (12, 'Carme', 6, NULL, NULL);
INSERT INTO public.moon VALUES (13, 'Ananke', 6, NULL, NULL);
INSERT INTO public.moon VALUES (14, 'Leda', 6, NULL, NULL);
INSERT INTO public.moon VALUES (15, 'Thebe', 6, NULL, NULL);
INSERT INTO public.moon VALUES (16, 'Aitne', 6, NULL, NULL);
INSERT INTO public.moon VALUES (17, 'Sponde', 6, NULL, NULL);
INSERT INTO public.moon VALUES (18, 'Kale', 6, NULL, NULL);
INSERT INTO public.moon VALUES (19, 'Kore', 6, NULL, NULL);
INSERT INTO public.moon VALUES (20, 'Dia', 6, NULL, NULL);


--
-- Data for Name: planet; Type: TABLE DATA; Schema: public; Owner: freecodecamp
--

INSERT INTO public.planet VALUES (1, 'Mercury', 2440, 1, NULL, NULL, NULL);
INSERT INTO public.planet VALUES (2, 'Venus', 6052, 1, NULL, NULL, NULL);
INSERT INTO public.planet VALUES (3, 'Earth', 6371, 1, NULL, NULL, NULL);
INSERT INTO public.planet VALUES (4, 'Mars', 3389, 1, NULL, NULL, NULL);
INSERT INTO public.planet VALUES (5, 'Ceres', 476, 1, NULL, NULL, NULL);
INSERT INTO public.planet VALUES (6, 'Jupiter', 69911, 1, NULL, NULL, NULL);
INSERT INTO public.planet VALUES (7, 'Saturn', 58232, 1, NULL, NULL, NULL);
INSERT INTO public.planet VALUES (8, 'Uranus', 25364, 1, NULL, NULL, NULL);
INSERT INTO public.planet VALUES (9, 'Neptune', 24622, 1, NULL, NULL, NULL);
INSERT INTO public.planet VALUES (10, 'Pluto', 1187, 1, NULL, NULL, NULL);
INSERT INTO public.planet VALUES (11, 'Haumea', 620, 1, NULL, NULL, NULL);
INSERT INTO public.planet VALUES (12, 'Makemake', 715, 1, NULL, NULL, NULL);


--
-- Data for Name: planetary_system; Type: TABLE DATA; Schema: public; Owner: freecodecamp
--

INSERT INTO public.planetary_system VALUES ('Proxima Centauri', NULL, 8, 37);
INSERT INTO public.planetary_system VALUES ('YZ Ceti', NULL, 9, 37);
INSERT INTO public.planetary_system VALUES ('Tau Ceti', NULL, 10, 37);


--
-- Data for Name: star; Type: TABLE DATA; Schema: public; Owner: freecodecamp
--

INSERT INTO public.star VALUES (1, 'The Sun', NULL, 'Our Sun', 37);
INSERT INTO public.star VALUES (2, 'Sirius', NULL, 'N/A', 37);
INSERT INTO public.star VALUES (3, 'Canopus', NULL, 'N/A', 37);
INSERT INTO public.star VALUES (4, 'Arcturus', NULL, 'N/A', 37);
INSERT INTO public.star VALUES (5, 'Vega', NULL, 'N/A', 37);
INSERT INTO public.star VALUES (6, 'Capella', NULL, 'N/A', 37);


--
-- Name: galaxy_galaxy_id_seq; Type: SEQUENCE SET; Schema: public; Owner: freecodecamp
--

SELECT pg_catalog.setval('public.galaxy_galaxy_id_seq', 37, true);


--
-- Name: moon_moon_id_seq; Type: SEQUENCE SET; Schema: public; Owner: freecodecamp
--

SELECT pg_catalog.setval('public.moon_moon_id_seq', 20, true);


--
-- Name: planet_planet_id_seq; Type: SEQUENCE SET; Schema: public; Owner: freecodecamp
--

SELECT pg_catalog.setval('public.planet_planet_id_seq', 12, true);


--
-- Name: planetary_system_planetary_system_id_seq; Type: SEQUENCE SET; Schema: public; Owner: freecodecamp
--

SELECT pg_catalog.setval('public.planetary_system_planetary_system_id_seq', 10, true);


--
-- Name: star_star_id_seq; Type: SEQUENCE SET; Schema: public; Owner: freecodecamp
--

SELECT pg_catalog.setval('public.star_star_id_seq', 6, true);


--
-- Name: galaxy galaxy_galaxy_id_key; Type: CONSTRAINT; Schema: public; Owner: freecodecamp
--

ALTER TABLE ONLY public.galaxy
    ADD CONSTRAINT galaxy_galaxy_id_key UNIQUE (galaxy_id);


--
-- Name: galaxy galaxy_pkey; Type: CONSTRAINT; Schema: public; Owner: freecodecamp
--

ALTER TABLE ONLY public.galaxy
    ADD CONSTRAINT galaxy_pkey PRIMARY KEY (galaxy_id);


--
-- Name: moon moon_moon_id_key; Type: CONSTRAINT; Schema: public; Owner: freecodecamp
--

ALTER TABLE ONLY public.moon
    ADD CONSTRAINT moon_moon_id_key UNIQUE (moon_id);


--
-- Name: moon moon_pkey; Type: CONSTRAINT; Schema: public; Owner: freecodecamp
--

ALTER TABLE ONLY public.moon
    ADD CONSTRAINT moon_pkey PRIMARY KEY (moon_id);


--
-- Name: planet planet_pkey; Type: CONSTRAINT; Schema: public; Owner: freecodecamp
--

ALTER TABLE ONLY public.planet
    ADD CONSTRAINT planet_pkey PRIMARY KEY (planet_id);


--
-- Name: planet planet_planet_id_key; Type: CONSTRAINT; Schema: public; Owner: freecodecamp
--

ALTER TABLE ONLY public.planet
    ADD CONSTRAINT planet_planet_id_key UNIQUE (planet_id);


--
-- Name: planetary_system planetary_system_galaxy_id_key; Type: CONSTRAINT; Schema: public; Owner: freecodecamp
--

ALTER TABLE ONLY public.planetary_system
    ADD CONSTRAINT planetary_system_galaxy_id_key UNIQUE (planetary_system_id);


--
-- Name: planetary_system planetary_system_pkey; Type: CONSTRAINT; Schema: public; Owner: freecodecamp
--

ALTER TABLE ONLY public.planetary_system
    ADD CONSTRAINT planetary_system_pkey PRIMARY KEY (planetary_system_id);


--
-- Name: star star_pkey; Type: CONSTRAINT; Schema: public; Owner: freecodecamp
--

ALTER TABLE ONLY public.star
    ADD CONSTRAINT star_pkey PRIMARY KEY (star_id);


--
-- Name: star star_star_id_key; Type: CONSTRAINT; Schema: public; Owner: freecodecamp
--

ALTER TABLE ONLY public.star
    ADD CONSTRAINT star_star_id_key UNIQUE (star_id);


--
-- Name: moon moon_planet_id_fkey; Type: FK CONSTRAINT; Schema: public; Owner: freecodecamp
--

ALTER TABLE ONLY public.moon
    ADD CONSTRAINT moon_planet_id_fkey FOREIGN KEY (planet_id) REFERENCES public.planet(planet_id);


--
-- Name: planet planet_star_id_fkey; Type: FK CONSTRAINT; Schema: public; Owner: freecodecamp
--

ALTER TABLE ONLY public.planet
    ADD CONSTRAINT planet_star_id_fkey FOREIGN KEY (star_id) REFERENCES public.star(star_id);


--
-- Name: planetary_system planetary_system_galaxy_id_fkey; Type: FK CONSTRAINT; Schema: public; Owner: freecodecamp
--

ALTER TABLE ONLY public.planetary_system
    ADD CONSTRAINT planetary_system_galaxy_id_fkey FOREIGN KEY (galaxy_id) REFERENCES public.galaxy(galaxy_id);


--
-- Name: star star_galaxy_id_fkey; Type: FK CONSTRAINT; Schema: public; Owner: freecodecamp
--

ALTER TABLE ONLY public.star
    ADD CONSTRAINT star_galaxy_id_fkey FOREIGN KEY (galaxy_id) REFERENCES public.galaxy(galaxy_id);


--
-- PostgreSQL database dump complete
--

